[
  {
    "pk": "4dd03aff-338a-4c13-83e8-7d7b882cfb6e",
    "model": "shoutit.currency",
    "fields": {
      "Country": "AE",
      "Code": "AED",
      "Name": "Dirham"
    }
  },
  {
    "pk": "32d4ead9-da5d-4dda-8b24-4a44c91d98d7",
    "model": "shoutit.currency",
    "fields": {
      "Country": "US",
      "Code": "USD",
      "Name": "Dollar"
    }
  },
  {
    "pk": "d1fe5bc8-7958-4ee4-8c8a-8c982c1c46cd",
    "model": "shoutit.currency",
    "fields": {
      "Country": "EU",
      "Code": "EUR",
      "Name": "Euro"
    }
  },


  {
    "pk": "7e2631fb-36a0-4d31-b3ae-64eb8a886672",
    "model": "shoutit.predefinedcity",
    "fields": {
      "City": "Dubai",
      "EncodedCity": "dubai",
      "Country": "AE",
      "Latitude": 25.1993957,
      "Longitude": 55.2738326,
      "Approved": true
    }
  },
  {
    "pk": "4cbcabaa-8aa5-404c-8bf9-c05da93c3cce",
    "model": "shoutit.predefinedcity",
    "fields": {
      "City": "Aachen",
      "EncodedCity": "aachen",
      "Country": "DE",
      "Latitude": 50.7738792,
      "Longitude": 6.0844869,
      "Approved": true
    }
  },
  {
    "pk": "e8ed3e71-7e87-4479-96d5-eb93d772a858",
    "model": "shoutit.predefinedcity",
    "fields": {
      "City": "Berlin",
      "EncodedCity": "berlin",
      "Country": "DE",
      "Latitude": 52.522594,
      "Longitude": 13.402388,
      "Approved": true
    }
  },


  {
    "pk": 1,
    "model": "auth.user",
    "fields": {
      "username": "syron",
      "first_name": "Mo",
      "last_name": "Chawich",
      "is_active": true,
      "is_superuser": true,
      "is_staff": true,
      "last_login": "2014-11-17T15:38:19.602",
      "groups": [],
      "user_permissions": [],
      "password": "pbkdf2_sha256$12000$LluQpMZvMgfA$9BpmQyVU5dM3Hc20YvVY3K64rsTj/omOQLyfsJuwTCg=",
      "email": "mo.chawich@gmail.com",
      "date_joined": "2014-09-03T00:46:18"
    }
  },


  {
    "pk": "19f6e681-f738-4c90-a1dd-9101da41a455",
    "model": "shoutit.stream",
    "fields": {
      "Type": 0
    }
  },


  {
    "pk": "c6131ea1-eaab-4ff7-af1e-6be94fce709c",
    "model": "shoutit.profile",
    "fields": {
      "isSSS": false,
      "City": "Dubai",
      "Stream": "19f6e681-f738-4c90-a1dd-9101da41a455",
      "Bio": "New Shouter!",
      "Mobile": null,
      "Country": "AE",
      "Image": "http://2ed106c1d72e039a6300-f673136b865c774b4127f2d581b9f607.r83.cf5.rackcdn.com/1NHUqCeh94NaWb8hlu74L7.jpg",
      "Longitude": 55.2738326,
      "Sex": true,
      "isSMS": false,
      "birthday": null,
      "user": 1,
      "Latitude": 25.1993957,
      "Interests": [],
      "LastToken": null
    }
  },


  {
    "pk": 1,
    "model": "shoutit.permission",
    "fields": {
      "name": "USE_SHOUT_IT"
    }
  },
  {
    "pk": 2,
    "model": "shoutit.permission",
    "fields": {
      "name": "SHOUT_MORE"
    }
  },
  {
    "pk": 3,
    "model": "shoutit.permission",
    "fields": {
      "name": "SHOUT_REQUEST"
    }
  },
  {
    "pk": 4,
    "model": "shoutit.permission",
    "fields": {
      "name": "SHOUT_OFFER"
    }
  },
  {
    "pk": 5,
    "model": "shoutit.permission",
    "fields": {
      "name": "FOLLOW_TAG"
    }
  },
  {
    "pk": 6,
    "model": "shoutit.permission",
    "fields": {
      "name": "FOLLOW_USER"
    }
  },
  {
    "pk": 7,
    "model": "shoutit.permission",
    "fields": {
      "name": "ACTIVATED"
    }
  },
  {
    "pk": 8,
    "model": "shoutit.permission",
    "fields": {
      "name": "SEND_MESSAGE"
    }
  },
  {
    "pk": 9,
    "model": "shoutit.permission",
    "fields": {
      "name": "SHOUT_DEAL"
    }
  },
  {
    "pk": 10,
    "model": "shoutit.permission",
    "fields": {
      "name": "POST_EXPERIENCE"
    }
  },
  {
    "pk": 11,
    "model": "shoutit.permission",
    "fields": {
      "name": "SHARE_EXPERIENCE"
    }
  },
  {
    "pk": 12,
    "model": "shoutit.permission",
    "fields": {
      "name": "COMMENT_ON_POST"
    }
  },
  {
    "pk": 13,
    "model": "shoutit.permission",
    "fields": {
      "name": "ADD_GALLERY_ITEM"
    }
  },
  {
    "pk": 14,
    "model": "shoutit.permission",
    "fields": {
      "name": "REPORT"
    }
  },


  {
    "pk": "908809c6-d9d2-4cc6-9863-0589d8df443d",
    "model": "shoutit.userpermission",
    "fields": {
      "date_given": "2014-11-17T23:21:48.882",
      "user": 1,
      "permission": 1
    }
  },
  {
    "pk": "561f7a1c-b0c0-4644-bf52-8dac93368e5f",
    "model": "shoutit.userpermission",
    "fields": {
      "date_given": "2014-11-17T23:21:48.886",
      "user": 1,
      "permission": 2
    }
  },
  {
    "pk": "ac232707-3362-415b-a3d3-087e7bb1b4da",
    "model": "shoutit.userpermission",
    "fields": {
      "date_given": "2014-11-17T23:21:48.890",
      "user": 1,
      "permission": 3
    }
  },
  {
    "pk": "936e4272-a456-4c06-9eff-40f53cc8bb77",
    "model": "shoutit.userpermission",
    "fields": {
      "date_given": "2014-11-17T23:21:48.895",
      "user": 1,
      "permission": 4
    }
  },
  {
    "pk": "4e38133a-c1f8-410c-8bd0-0b353f80d561",
    "model": "shoutit.userpermission",
    "fields": {
      "date_given": "2014-11-17T23:21:48.899",
      "user": 1,
      "permission": 5
    }
  },
  {
    "pk": "79d3c706-36d0-4e3d-8e4e-41407180d101",
    "model": "shoutit.userpermission",
    "fields": {
      "date_given": "2014-11-17T23:21:48.902",
      "user": 1,
      "permission": 7
    }
  },
  {
    "pk": "0b83d9d5-6697-4e7d-b60a-0fef537ebcc0",
    "model": "shoutit.userpermission",
    "fields": {
      "date_given": "2014-11-17T23:21:48.906",
      "user": 1,
      "permission": 6
    }
  },
  {
    "pk": "dc2fe50c-2303-42f0-82fe-2b9f5f80342a",
    "model": "shoutit.userpermission",
    "fields": {
      "date_given": "2014-11-17T23:21:48.908",
      "user": 1,
      "permission": 8
    }
  },
  {
    "pk": "dcd3ad0e-57f3-4a1b-b5e8-f5b8a1eee6ca",
    "model": "shoutit.userpermission",
    "fields": {
      "date_given": "2014-11-17T23:21:48.911",
      "user": 1,
      "permission": 10
    }
  },
  {
    "pk": "19c7ec0a-2d7b-458c-952d-ad41e78ccd80",
    "model": "shoutit.userpermission",
    "fields": {
      "date_given": "2014-11-17T23:21:48.914",
      "user": 1,
      "permission": 11
    }
  },
  {
    "pk": "9ae46a8e-d387-4fe2-aa77-5b464286615e",
    "model": "shoutit.userpermission",
    "fields": {
      "date_given": "2014-11-17T23:21:48.916",
      "user": 1,
      "permission": 12
    }
  },
  {
    "pk": "fd0143b7-cad0-4b9d-b981-fb12d6ba0e80",
    "model": "shoutit.userpermission",
    "fields": {
      "date_given": "2014-11-17T23:21:48.918",
      "user": 1,
      "permission": 14
    }
  },


  {
    "pk": 1,
    "model": "piston3.consumer",
    "fields": {
      "status": "accepted",
      "name": "test consumer",
      "secret": "123456",
      "user": 1,
      "key": "123",
      "description": "test consumer"
    }
  },
  {
    "pk": 2,
    "model": "piston3.consumer",
    "fields": {
      "status": "accepted",
      "name": "Android",
      "secret": "1546cf51-6ec7-4f0c-a75a-2bdfc0e",
      "user": 1,
      "key": "shoutit-android",
      "description": "The Consumer for our first tier Android Application"
    }
  },
  {
    "pk": 3,
    "model": "piston3.consumer",
    "fields": {
      "status": "accepted",
      "name": "iOS",
      "secret": "2a108cb4-4789-46f2-8f21-74d9111",
      "user": 1,
      "key": "shoutit-ios",
      "description": "The consumer for our first tier ios application."
    }
  },
  {
    "pk": 1,
    "model": "piston3.token",
    "fields": {
      "is_approved": true,
      "timestamp": 1416270388,
      "verifier": "Vtu3npMEby",
      "token_type": 1,
      "callback": "",
      "secret": "spggySeZkTMJQhJUEq73GSJe2NH7vPpn",
      "user": 1,
      "key": "yZ4GtEqVKzPFyEUUzn",
      "consumer": 1,
      "callback_confirmed": false
    }
  },
  {
    "pk": 2,
    "model": "piston3.token",
    "fields": {
      "is_approved": false,
      "timestamp": 1416271280,
      "verifier": "",
      "token_type": 2,
      "callback": "",
      "secret": "9QygNQnG7yFeLney6qQszGAXng9g9RTL",
      "user": 1,
      "key": "M7UWMcfnVVQ6DkzujU",
      "consumer": 1,
      "callback_confirmed": false
    }
  }

]


