[
  {
    "pk": "4dd03aff-338a-4c13-83e8-7d7b882cfb6e",
    "model": "shoutit.currency",
    "fields": {
      "country": "AE",
      "code": "AED",
      "name": "Dirham"
    }
  },
  {
    "pk": "32d4ead9-da5d-4dda-8b24-4a44c91d98d7",
    "model": "shoutit.currency",
    "fields": {
      "country": "US",
      "code": "USD",
      "name": "Dollar"
    }
  },
  {
    "pk": "d1fe5bc8-7958-4ee4-8c8a-8c982c1c46cd",
    "model": "shoutit.currency",
    "fields": {
      "country": "EU",
      "code": "EUR",
      "name": "Euro"
    }
  },


  {
    "pk": "7e2631fb-36a0-4d31-b3ae-64eb8a886672",
    "model": "shoutit.predefinedcity",
    "fields": {
      "city": "Dubai",
      "city_encoded": "dubai",
      "country": "AE",
      "latitude": 25.1993957,
      "longitude": 55.2738326,
      "Approved": true
    }
  },
  {
    "pk": "4cbcabaa-8aa5-404c-8bf9-c05da93c3cce",
    "model": "shoutit.predefinedcity",
    "fields": {
      "city": "Aachen",
      "city_encoded": "aachen",
      "country": "DE",
      "latitude": 50.7738792,
      "longitude": 6.0844869,
      "Approved": true
    }
  },
  {
    "pk": "e8ed3e71-7e87-4479-96d5-eb93d772a858",
    "model": "shoutit.predefinedcity",
    "fields": {
      "city": "Berlin",
      "city_encoded": "berlin",
      "country": "DE",
      "latitude": 52.522594,
      "longitude": 13.402388,
      "Approved": true
    }
  },


  {
    "pk": "5a767f4e-20b0-4685-8e03-94e00ad00650",
    "model": "shoutit.user",
    "fields": {
      "username": "syron",
      "first_name": "Mo",
      "last_name": "Chawich",
      "is_active": true,
      "is_superuser": true,
      "is_staff": true,
      "last_login": "2014-11-17T15:38:19.602",
      "groups": [],
      "user_permissions": [],
      "password": "pbkdf2_sha256$12000$LluQpMZvMgfA$9BpmQyVU5dM3Hc20YvVY3K64rsTj/omOQLyfsJuwTCg=",
      "email": "mo.chawich@gmail.com",
      "date_joined": "2014-09-03T00:46:18",
      "created_at": "2014-09-03T00:46:18",
      "modified_at": "2014-09-03T00:46:18"
    }
  },

  {
    "pk": "D7A555BA-8618-4962-A46B-E342AFF21AFA",
    "model": "shoutit.user",
    "fields": {
      "username": "mo",
      "first_name": "Mohamad Nour",
      "last_name": "Chawich",
      "is_active": true,
      "is_superuser": true,
      "is_staff": true,
      "last_login": "2014-11-17T15:38:19.602",
      "groups": [],
      "user_permissions": [],
      "password": "pbkdf2_sha256$12000$LluQpMZvMgfA$9BpmQyVU5dM3Hc20YvVY3K64rsTj/omOQLyfsJuwTCg=",
      "email": "noor.syron@gmail.com",
      "date_joined": "2014-09-03T00:46:18",
      "created_at": "2014-09-03T00:46:18",
      "modified_at": "2014-09-03T00:46:18"
    }
  },


  {
    "pk": "19f6e681-f738-4c90-a1dd-9101da41a455",
    "model": "shoutit.stream",
    "fields": {
      "type": 0
    }
  },

  {
    "pk": "4938A8F7-79A1-43AC-BD99-849E59D32E04",
    "model": "shoutit.stream",
    "fields": {
      "type": 0
    }
  },


  {
    "pk": "c6131ea1-eaab-4ff7-af1e-6be94fce709c",
    "model": "shoutit.profile",
    "fields": {
      "isSSS": false,
      "city": "Dubai",
      "Stream": "19f6e681-f738-4c90-a1dd-9101da41a455",
      "Bio": "Shoutit Master!",
      "Mobile": null,
      "country": "AE",
      "image": "http://2ed106c1d72e039a6300-f673136b865c774b4127f2d581b9f607.r83.cf5.rackcdn.com/1NHUqCeh94NaWb8hlu74L7.jpg",
      "longitude": 55.2738326,
      "Sex": true,
      "birthday": null,
      "user": "5a767f4e-20b0-4685-8e03-94e00ad00650",
      "latitude": 25.1993957,
      "Interests": [],
      "LastToken": null,
      "created_at": "2014-09-03T00:46:18",
      "modified_at": "2014-09-03T00:46:18"
    }
  },

  {
    "pk": "445CF86A-CC68-440E-91BC-9F7A1F734081",
    "model": "shoutit.profile",
    "fields": {
      "isSSS": false,
      "city": "Dubai",
      "Stream": "4938A8F7-79A1-43AC-BD99-849E59D32E04",
      "Bio": "Shoutit Master 2!",
      "Mobile": null,
      "country": "AE",
      "image": "http://2ed106c1d72e039a6300-f673136b865c774b4127f2d581b9f607.r83.cf5.rackcdn.com/2a41e1c0ff0b.jpg",
      "longitude": 55.2738326,
      "Sex": true,
      "birthday": null,
      "user": "D7A555BA-8618-4962-A46B-E342AFF21AFA",
      "latitude": 25.1993957,
      "Interests": [],
      "LastToken": null,
      "created_at": "2014-09-03T00:46:18",
      "modified_at": "2014-09-03T00:46:18"

    }
  },
  {
    "fields": {
      "created_at": "2015-02-08T06:12:40.257",
      "modified_at": "2015-02-08T06:12:40.257",
      "name": "FOLLOW_USER"
    },
    "model": "shoutit.permission",
    "pk": "0c84c5b5-17af-4731-b439-0bb14493a29e"
  },
  {
    "fields": {
      "created_at": "2015-02-08T06:12:43.073",
      "modified_at": "2015-02-08T06:12:43.073",
      "name": "SHARE_EXPERIENCE"
    },
    "model": "shoutit.permission",
    "pk": "1a6025ec-17fa-4b0d-994d-3352388cfc32"
  },
  {
    "fields": {
      "created_at": "2015-02-08T06:09:06.871",
      "modified_at": "2015-02-08T06:09:06.872",
      "name": "USE_SHOUT_IT"
    },
    "model": "shoutit.permission",
    "pk": "1ff91a61-e422-4e4d-962e-a445ecf0a463"
  },
  {
    "fields": {
      "created_at": "2015-02-08T06:12:42.689",
      "modified_at": "2015-02-08T06:12:42.689",
      "name": "POST_EXPERIENCE"
    },
    "model": "shoutit.permission",
    "pk": "32ed26b7-7589-493d-8bf2-160b0c887dcc"
  },
  {
    "fields": {
      "created_at": "2015-02-08T06:12:29.504",
      "modified_at": "2015-02-08T06:12:29.504",
      "name": "SHOUT_MORE"
    },
    "model": "shoutit.permission",
    "pk": "6ee4f97e-2c80-44c5-829d-66283462c431"
  },
  {
    "fields": {
      "created_at": "2015-02-08T06:12:41.473",
      "modified_at": "2015-02-08T06:12:41.473",
      "name": "SEND_MESSAGE"
    },
    "model": "shoutit.permission",
    "pk": "8838bb18-4eac-4849-aef5-2758ba2df51c"
  },
  {
    "fields": {
      "created_at": "2015-02-08T06:12:33.542",
      "modified_at": "2015-02-08T06:12:33.542",
      "name": "SHOUT_OFFER"
    },
    "model": "shoutit.permission",
    "pk": "9a0eda41-ebcb-4acd-beb2-236ec1bcbd20"
  },
  {
    "fields": {
      "created_at": "2015-02-08T06:12:40.992",
      "modified_at": "2015-02-08T06:12:40.992",
      "name": "ACTIVATED"
    },
    "model": "shoutit.permission",
    "pk": "ae651aae-01c8-46b8-a26d-833ca320a8c8"
  },
  {
    "fields": {
      "created_at": "2015-02-08T06:12:33.036",
      "modified_at": "2015-02-08T06:12:33.037",
      "name": "SHOUT_REQUEST"
    },
    "model": "shoutit.permission",
    "pk": "bf7a03a4-806f-42cc-af00-0e63ed1ec70a"
  },
  {
    "fields": {
      "created_at": "2015-02-08T06:12:43.149",
      "modified_at": "2015-02-08T06:12:43.149",
      "name": "COMMENT_ON_POST"
    },
    "model": "shoutit.permission",
    "pk": "cd138cce-8372-4ed4-bd2b-946a0560212c"
  },
  {
    "fields": {
      "created_at": "2015-02-08T06:12:42.341",
      "modified_at": "2015-02-08T06:12:42.341",
      "name": "SHOUT_DEAL"
    },
    "model": "shoutit.permission",
    "pk": "de95f9d2-c4a1-4463-8936-96b8f4dd6653"
  },
  {
    "fields": {
      "created_at": "2015-02-08T06:12:34.137",
      "modified_at": "2015-02-08T06:12:34.137",
      "name": "FOLLOW_TAG"
    },
    "model": "shoutit.permission",
    "pk": "e0c4ed0c-b068-4b52-80d1-0aec7c76642f"
  },
  {
    "fields": {
      "created_at": "2015-02-08T06:12:46.788",
      "modified_at": "2015-02-08T06:12:46.788",
      "name": "REPORT"
    },
    "model": "shoutit.permission",
    "pk": "ff01265b-4709-40bb-a058-2fce3081886f"
  },



  {
    "fields": {
      "date_given": "2015-02-08T06:20:06.835",
      "created_at": "2015-02-08T06:20:06.834",
      "modified_at": "2015-02-08T06:20:06.834",
      "user": "5a767f4e-20b0-4685-8e03-94e00ad00650",
      "permission": "6ee4f97e-2c80-44c5-829d-66283462c431"
    },
    "model": "shoutit.userpermission",
    "pk": "00f71da5-677f-4342-b1ed-51ad4d4e3421"
  },
  {
    "fields": {
      "date_given": "2015-02-08T06:20:06.853",
      "created_at": "2015-02-08T06:20:06.853",
      "modified_at": "2015-02-08T06:20:06.853",
      "user": "5a767f4e-20b0-4685-8e03-94e00ad00650",
      "permission": "ae651aae-01c8-46b8-a26d-833ca320a8c8"
    },
    "model": "shoutit.userpermission",
    "pk": "3ba6edc5-6c02-44df-b582-a77aec236dd3"
  },
  {
    "fields": {
      "date_given": "2015-02-08T06:20:06.862",
      "created_at": "2015-02-08T06:20:06.862",
      "modified_at": "2015-02-08T06:20:06.862",
      "user": "5a767f4e-20b0-4685-8e03-94e00ad00650",
      "permission": "8838bb18-4eac-4849-aef5-2758ba2df51c"
    },
    "model": "shoutit.userpermission",
    "pk": "3c16b162-db31-4eda-b4fa-fc27494a474c"
  },
  {
    "fields": {
      "date_given": "2015-02-08T06:20:06.828",
      "created_at": "2015-02-08T06:20:06.827",
      "modified_at": "2015-02-08T06:20:06.827",
      "user": "5a767f4e-20b0-4685-8e03-94e00ad00650",
      "permission": "1ff91a61-e422-4e4d-962e-a445ecf0a463"
    },
    "model": "shoutit.userpermission",
    "pk": "6e4c862b-0370-4819-9b2e-fd90725d47c2"
  },
  {
    "fields": {
      "date_given": "2015-02-08T06:20:06.866",
      "created_at": "2015-02-08T06:20:06.866",
      "modified_at": "2015-02-08T06:20:06.866",
      "user": "5a767f4e-20b0-4685-8e03-94e00ad00650",
      "permission": "32ed26b7-7589-493d-8bf2-160b0c887dcc"
    },
    "model": "shoutit.userpermission",
    "pk": "76391113-3878-4863-8da6-bd49899e7c19"
  },
  {
    "fields": {
      "date_given": "2015-02-08T06:20:06.840",
      "created_at": "2015-02-08T06:20:06.839",
      "modified_at": "2015-02-08T06:20:06.839",
      "user": "5a767f4e-20b0-4685-8e03-94e00ad00650",
      "permission": "bf7a03a4-806f-42cc-af00-0e63ed1ec70a"
    },
    "model": "shoutit.userpermission",
    "pk": "7a1049aa-db3a-494d-b301-c1af5541fb19"
  },
  {
    "fields": {
      "date_given": "2015-02-08T06:20:06.870",
      "created_at": "2015-02-08T06:20:06.870",
      "modified_at": "2015-02-08T06:20:06.870",
      "user": "5a767f4e-20b0-4685-8e03-94e00ad00650",
      "permission": "1a6025ec-17fa-4b0d-994d-3352388cfc32"
    },
    "model": "shoutit.userpermission",
    "pk": "82009429-3611-4631-9ddd-cdc2b704addf"
  },
  {
    "fields": {
      "date_given": "2015-02-08T06:20:06.898",
      "created_at": "2015-02-08T06:20:06.898",
      "modified_at": "2015-02-08T06:20:06.898",
      "user": "5a767f4e-20b0-4685-8e03-94e00ad00650",
      "permission": "de95f9d2-c4a1-4463-8936-96b8f4dd6653"
    },
    "model": "shoutit.userpermission",
    "pk": "9715dbef-4b37-4ffe-bd27-28cfd2243eeb"
  },
  {
    "fields": {
      "date_given": "2015-02-08T06:20:06.878",
      "created_at": "2015-02-08T06:20:06.878",
      "modified_at": "2015-02-08T06:20:06.878",
      "user": "5a767f4e-20b0-4685-8e03-94e00ad00650",
      "permission": "ff01265b-4709-40bb-a058-2fce3081886f"
    },
    "model": "shoutit.userpermission",
    "pk": "af220738-49cb-44fd-b880-225eb14f9a47"
  },
  {
    "fields": {
      "date_given": "2015-02-08T06:20:06.844",
      "created_at": "2015-02-08T06:20:06.844",
      "modified_at": "2015-02-08T06:20:06.844",
      "user": "5a767f4e-20b0-4685-8e03-94e00ad00650",
      "permission": "9a0eda41-ebcb-4acd-beb2-236ec1bcbd20"
    },
    "model": "shoutit.userpermission",
    "pk": "c61a4baa-fd76-4f86-96b6-f7a5f64dc0ae"
  },
  {
    "fields": {
      "date_given": "2015-02-08T06:20:06.889",
      "created_at": "2015-02-08T06:20:06.889",
      "modified_at": "2015-02-08T06:20:06.889",
      "user": "5a767f4e-20b0-4685-8e03-94e00ad00650",
      "permission": "ee4e982d-2d60-4e40-bd09-704f5c87a6ff"
    },
    "model": "shoutit.userpermission",
    "pk": "d9838149-34e7-4a8a-b434-3bdb6e146828"
  },
  {
    "fields": {
      "date_given": "2015-02-08T06:20:06.859",
      "created_at": "2015-02-08T06:20:06.859",
      "modified_at": "2015-02-08T06:20:06.859",
      "user": "5a767f4e-20b0-4685-8e03-94e00ad00650",
      "permission": "0c84c5b5-17af-4731-b439-0bb14493a29e"
    },
    "model": "shoutit.userpermission",
    "pk": "e6755507-f100-42a5-af51-7e1c9cb2fc7e"
  },
  {
    "fields": {
      "date_given": "2015-02-08T06:20:06.875",
      "created_at": "2015-02-08T06:20:06.875",
      "modified_at": "2015-02-08T06:20:06.875",
      "user": "5a767f4e-20b0-4685-8e03-94e00ad00650",
      "permission": "cd138cce-8372-4ed4-bd2b-946a0560212c"
    },
    "model": "shoutit.userpermission",
    "pk": "ef43f1ad-aeb6-44f7-b7f7-6947013b9c8f"
  },
  {
    "fields": {
      "date_given": "2015-02-08T06:20:06.848",
      "created_at": "2015-02-08T06:20:06.848",
      "modified_at": "2015-02-08T06:20:06.848",
      "user": "5a767f4e-20b0-4685-8e03-94e00ad00650",
      "permission": "e0c4ed0c-b068-4b52-80d1-0aec7c76642f"
    },
    "model": "shoutit.userpermission",
    "pk": "f3981441-ba86-41ff-af6a-18dea97118d7"
  },



  {
    "fields": {
      "status": "accepted",
      "name": "test consumer",
      "secret": "123456",
      "user": "5a767f4e-20b0-4685-8e03-94e00ad00650",
      "key": "123",
      "description": "test consumer"
    },
    "model": "piston3.consumer",
    "pk": 1
  },
  {
    "fields": {
      "status": "accepted",
      "name": "Android",
      "secret": "1546cf51-6ec7-4f0c-a75a-2bdfc0e",
      "user": "5a767f4e-20b0-4685-8e03-94e00ad00650",
      "key": "shoutit-android",
      "description": "The Consumer for our first tier Android Application"
    },
    "model": "piston3.consumer",
    "pk": 2
  },
  {
    "fields": {
      "status": "accepted",
      "name": "iOS",
      "secret": "2a108cb4-4789-46f2-8f21-74d9111",
      "user": "5a767f4e-20b0-4685-8e03-94e00ad00650",
      "key": "shoutit-ios",
      "description": "The consumer for our first tier ios application."
    },
    "model": "piston3.consumer",
    "pk": 3
  },
  {
    "fields": {
      "status": "accepted",
      "name": "WebApp",
      "secret": "64a542b1-1b2d-8503-6cbb-4cf8cea",
      "user": "5a767f4e-20b0-4685-8e03-94e00ad00650",
      "key": "shoutit-web",
      "description": "The consumer for our first tier web application."
    },
    "model": "piston3.consumer",
    "pk": 4
  },

  {
    "fields": {
      "is_approved": true,
      "timestamp": 1423768704,
      "verifier": "xbZ2u2Dbyt",
      "token_type": 1,
      "callback": null,
      "secret": "DyAX3PxrZcHEHzEKfa9DkP2qKGGZhPkE",
      "user": "5a767f4e-20b0-4685-8e03-94e00ad00650",
      "key": "kDAx295T2a7gu6JgeN",
      "consumer": 1,
      "callback_confirmed": false
    },
    "model": "piston3.token",
    "pk": 1
  },
  {
    "fields": {
      "is_approved": false,
      "timestamp": 1423768740,
      "verifier": "",
      "token_type": 2,
      "callback": null,
      "secret": "RV6KfrZPDdAhZLSKBWEJWagUgc7VPdj7",
      "user": "5a767f4e-20b0-4685-8e03-94e00ad00650",
      "key": "jFg96Vq8T8E3tmWbD6",
      "consumer": 1,
      "callback_confirmed": false
    },
    "model": "piston3.token",
    "pk": 2
  }
,


  {
    "pk": "00d779fb-c4f6-4058-bd69-ca66ce1f2fd3",
    "model": "shoutit.category",
    "fields": {
      "created_at": "2015-01-30T01:01:59.319",
      "tags": [],
      "modified_at": "2015-01-30T01:01:59.320",
      "name": "autos",
      "main_tag": null
    }
  },
  {
    "pk": "02286a95-36c8-4661-9b67-a5921ba757da",
    "model": "shoutit.category",
    "fields": {
      "created_at": "2015-01-30T01:01:05.156",
      "tags": [],
      "modified_at": "2015-01-30T01:01:05.156",
      "name": "electronics",
      "main_tag": null
    }
  },
  {
    "pk": "1805e6da-62ac-48c6-a123-2f7f23ae5ba3",
    "model": "shoutit.category",
    "fields": {
      "created_at": "2015-01-30T01:02:20.755",
      "tags": [],
      "modified_at": "2015-01-30T01:02:20.755",
      "name": "fashion",
      "main_tag": null
    }
  },
  {
    "pk": "4bce5210-fdbb-4e33-a26f-3ea7ae826c4a",
    "model": "shoutit.category",
    "fields": {
      "created_at": "2015-01-30T01:03:10.394",
      "tags": [],
      "modified_at": "2015-01-30T01:03:10.394",
      "name": "household",
      "main_tag": null
    }
  },
  {
    "pk": "50f8f392-e6c8-4b3a-9f91-96dc850b413e",
    "model": "shoutit.category",
    "fields": {
      "created_at": "2015-01-30T01:03:39.616",
      "tags": [],
      "modified_at": "2015-01-30T01:03:39.616",
      "name": "pets",
      "main_tag": null
    }
  },
  {
    "pk": "61434aeb-ee8d-4f9d-9638-578f6fd8991c",
    "model": "shoutit.category",
    "fields": {
      "created_at": "2015-01-30T01:03:30.166",
      "tags": [],
      "modified_at": "2015-01-30T01:03:30.167",
      "name": "services",
      "main_tag": null
    }
  },
  {
    "pk": "7b479d9d-fba0-4f23-9a2f-f7d5a31acf6e",
    "model": "shoutit.category",
    "fields": {
      "created_at": "2015-01-30T01:04:40.137",
      "tags": [],
      "modified_at": "2015-01-30T01:04:40.137",
      "name": "jobs",
      "main_tag": null
    }
  },
  {
    "pk": "c7517823-2d8e-4f8b-b453-2d732aabb62e",
    "model": "shoutit.category",
    "fields": {
      "created_at": "2015-01-30T01:01:24.907",
      "tags": [],
      "modified_at": "2015-01-30T01:01:24.907",
      "name": "properties",
      "main_tag": null
    }
  }
]


